Workbook

Sheet Inputs
A1: B&P | ASCE 7-22 SEISMIC ELF INPUTS (PRELIMINARY)
A4: PARAMETER | B4: VALUE | C4: UNITS | D4: SOURCE / NOTE
A5: Project number | B5: HACKATHON-001 | D5: User or Part 1
A6: ASCE 7 edition | B6: 7-22 | D6: Part 3 supports ASCE 7-22 only
A7: Hazard data status | B7: SYNTHETIC_DEMO | D7: API retrieval is not verification
A8: Engineer reviewed input? | B8: NO | D8: Explicit confirmation
A9: SDS | B9: ='Imported ASCE'!B19 -> 0.85 | C9: g | D9: Linked to Imported ASCE (green)
A10: SD1 | B10: ='Imported ASCE'!B20 -> 0.55 | C10: g | D10: Linked to Imported ASCE (green)
A11: S1 | B11: ='Imported ASCE'!B18 -> 0.45 | C11: g | D11: Linked to Imported ASCE (green)
A12: TL | B12: ='Imported ASCE'!B21 -> 8 | C12: sec | D12: Linked to Imported ASCE (green)
A13: Risk Category | B13: II | D13: I / II / III / IV - sets Ie and SDC
A14: Site Class | B14: D | D14: Used for 12.8.1.3 check
A15: Part 1 reported SDC | B15: D | D15: Compared with computed SDC
A16: Structural height hn | B16: 60 | C16: ft | D16: Engineer
A17: Stories above base | B17: 4 | D17: Engineer (12.8.1.3 only)
A18: W - effective seismic weight | B18: 1500 | C18: kips | D18: Engineer supplied; not calculated
A19: Apply Section 12.8.1.3 max SDS? | B19: NO | D19: YES / NO
A20: Confirm: regular, no irregularities | B20: NO | D20: Engineer confirmation (not checked)
A21: Confirm: rho = 1.0 | B21: NO | D21: Engineer confirmation (not checked)
A23: DIRECTION INPUTS | B23: X | C23: Y | D23: NOTE
A24: Combination | B24: single | C24: single | D24: single / horizontal / vertical (12.2.3)
A25: System 1 ID (Table 12.2-1) | B25: C1 | C25: B2 | D25: Vertical: System 1 = UPPER, System 2 = LOWER
A26: System 2 ID (Table 12.2-1)
A27: System 3 ID (Table 12.2-1)
A28: System 4 ID (Table 12.2-1)
A29: Analysis period T (blank = use Ta) | B29: 1.2 | D29: sec
A30: Table 12.8-2 structure type key | B30: steel_mf | C30: all_other | D30: See Code Tables A11:A15

Sheet Cs & Base Shear
A1: B&P | SEISMIC Cs & BASE SHEAR - X / Y
A4: GLOBAL | B4: VALUE | D4: UNITS | E4: FORMULA / REFERENCE
A5: Ie | B5: =INDEX('Code Tables'!$B$5:$B$8,MATCH(Inputs!$B$13,'Code Tables'!$A$5:$A$8,0)) -> 1 | E5: Table 1.5-2
A6: SDC from SDS | B6: =IF(Inputs!$B$9>=0.5,"D",IF(Inputs!$B$9>=0.33,IF(Inputs!$B$13="IV","D","C"),IF(Inputs!$B$9>=0.167,IF(Inputs!$B$13="IV","C","B"),"A"))) | E6: Table 11.6-1
A7: SDC from SD1 | B7: =IF(Inputs!$B$10>=0.2,"D",IF(Inputs!$B$10>=0.133,IF(Inputs!$B$13="IV","D","C"),IF(Inputs!$B$10>=0.067,IF(Inputs!$B$13="IV","C","B"),"A"))) | E7: Table 11.6-2
A8: SDC (governing) | B8: =IF(Inputs!$B$11>=0.75,IF(Inputs!$B$13="IV","F","E"),IF(MATCH(B6,{"A","B","C","D","E","F"},0)>=MATCH(B7,{"A","B","C","D","E","F"},0),B6,B7)) | E8: Section 11.6; 11.6 exception NOT applied
A9: SDC check vs Part 1 | B9: =IF(Inputs!$B$15="","No Part 1 SDC",IF(Inputs!$B$15=B8,"Matches Part 1","MISMATCH - resolve")) | E9: Warning only
A10: Cu | B10: =IF(Inputs!$B$10>='Code Tables'!$A$23,'Code Tables'!$B$23,IF(Inputs!$B$10>='Code Tables'!$A$24,'Code Tables'!$B$24+('Code Tables'!$B$23-'Code Tables'!$B$24)*(Inputs!$B$10-'Code Tables'!$A$24)/('Code Tables'!$A$23-'Code Tables'!$A$24),IF(Inputs!$B$10>='Code Tables'!$A$25,'Code Tables'!$B$25+('Code Tables'!$B$24-'Code Tables'!$B$25)*(Inputs!$B$10-'Code Tables'!$A$25)/('Code Tables'!$A$24-'Code Tables'!$A$25),IF(Inputs!$B$10>'Code Tables'!$A$26,'Code Tables'!$B$26+('Code Tables'!$B$25-'Code Tables'!$B$26)*(Inputs!$B$10-'Code Tables'!$A$26)/('Code Tables'!$A$25-'Code Tables'!$A$26),'Code Tables'!$B$26)))) -> 1.4 | E10: Table 12.8-1 (interpolated)
A11: Ts = SD1/SDS | B11: =IF(Inputs!$B$9>0,Inputs!$B$10/Inputs!$B$9,"") -> 0.64705882 | D11: sec | E11: Section 11.4
A13: BY DIRECTION | B13: X | C13: Y | D13: UNITS | E13: FORMULA / REFERENCE
A14: System 1 ID | B14: =IF(Inputs!B$25="","",Inputs!B$25) | C14: =IF(Inputs!C$25="","",Inputs!C$25) | E14: Inputs
A15: System 1 R | B15: =IF(B14="","",INDEX('Table 12.2-1'!$F:$F,MATCH(B14,'Table 12.2-1'!$A:$A,0))) -> 8 | C15: =IF(C14="","",INDEX('Table 12.2-1'!$F:$F,MATCH(C14,'Table 12.2-1'!$A:$A,0))) -> 6 | E15: Table 12.2-1
A16: System 1 Omega0 | B16: =IF(B14="","",INDEX('Table 12.2-1'!$G:$G,MATCH(B14,'Table 12.2-1'!$A:$A,0))) -> 3 | C16: =IF(C14="","",INDEX('Table 12.2-1'!$G:$G,MATCH(C14,'Table 12.2-1'!$A:$A,0))) -> 2 | E16: Table 12.2-1
A17: System 1 Cd | B17: =IF(B14="","",INDEX('Table 12.2-1'!$H:$H,MATCH(B14,'Table 12.2-1'!$A:$A,0))) -> 5.5 | C17: =IF(C14="","",INDEX('Table 12.2-1'!$H:$H,MATCH(C14,'Table 12.2-1'!$A:$A,0))) -> 5 | E17: Table 12.2-1
A18: System 1 height limit at SDC | B18: =IF(OR(B14="",$B$8="A"),"",INDEX('Table 12.2-1'!$I:$M,MATCH(B14,'Table 12.2-1'!$A:$A,0),MATCH($B$8,{"B","C","D","E","F"},0))) | C18: =IF(OR(C14="",$B$8="A"),"",INDEX('Table 12.2-1'!$I:$M,MATCH(C14,'Table 12.2-1'!$A:$A,0),MATCH($B$8,{"B","C","D","E","F"},0))) -> 160 | D18: ft | E18: Table 12.2-1 (NL/NP)
A19: System 1 limit status | B19: =IF(B18="","",IF(B18="NP","NOT PERMITTED",IF(B18="NL","OK",IF(Inputs!$B$16>B18,"EXCEEDS LIMIT","OK")))) | C19: =IF(C18="","",IF(C18="NP","NOT PERMITTED",IF(C18="NL","OK",IF(Inputs!$B$16>C18,"EXCEEDS LIMIT","OK")))) | E19: Warning only; 12.2.5.4 not evaluated
A20: System 2 ID | B20: =IF(Inputs!B$26="","",Inputs!B$26) | C20: =IF(Inputs!C$26="","",Inputs!C$26) | E20: Inputs
A21: System 2 R | B21: =IF(B20="","",INDEX('Table 12.2-1'!$F:$F,MATCH(B20,'Table 12.2-1'!$A:$A,0))) | C21: =IF(C20="","",INDEX('Table 12.2-1'!$F:$F,MATCH(C20,'Table 12.2-1'!$A:$A,0))) | E21: Table 12.2-1
A22: System 2 Omega0 | B22: =IF(B20="","",INDEX('Table 12.2-1'!$G:$G,MATCH(B20,'Table 12.2-1'!$A:$A,0))) | C22: =IF(C20="","",INDEX('Table 12.2-1'!$G:$G,MATCH(C20,'Table 12.2-1'!$A:$A,0))) | E22: Table 12.2-1
A23: System 2 Cd | B23: =IF(B20="","",INDEX('Table 12.2-1'!$H:$H,MATCH(B20,'Table 12.2-1'!$A:$A,0))) | C23: =IF(C20="","",INDEX('Table 12.2-1'!$H:$H,MATCH(C20,'Table 12.2-1'!$A:$A,0))) | E23: Table 12.2-1
A24: System 2 height limit at SDC | B24: =IF(OR(B20="",$B$8="A"),"",INDEX('Table 12.2-1'!$I:$M,MATCH(B20,'Table 12.2-1'!$A:$A,0),MATCH($B$8,{"B","C","D","E","F"},0))) | C24: =IF(OR(C20="",$B$8="A"),"",INDEX('Table 12.2-1'!$I:$M,MATCH(C20,'Table 12.2-1'!$A:$A,0),MATCH($B$8,{"B","C","D","E","F"},0))) | D24: ft | E24: Table 12.2-1 (NL/NP)
A25: System 2 limit status | B25: =IF(B24="","",IF(B24="NP","NOT PERMITTED",IF(B24="NL","OK",IF(Inputs!$B$16>B24,"EXCEEDS LIMIT","OK")))) | C25: =IF(C24="","",IF(C24="NP","NOT PERMITTED",IF(C24="NL","OK",IF(Inputs!$B$16>C24,"EXCEEDS LIMIT","OK")))) | E25: Warning only; 12.2.5.4 not evaluated
A26: System 3 ID | B26: =IF(Inputs!B$27="","",Inputs!B$27) | C26: =IF(Inputs!C$27="","",Inputs!C$27) | E26: Inputs
A27: System 3 R | B27: =IF(B26="","",INDEX('Table 12.2-1'!$F:$F,MATCH(B26,'Table 12.2-1'!$A:$A,0))) | C27: =IF(C26="","",INDEX('Table 12.2-1'!$F:$F,MATCH(C26,'Table 12.2-1'!$A:$A,0))) | E27: Table 12.2-1
A28: System 3 Omega0 | B28: =IF(B26="","",INDEX('Table 12.2-1'!$G:$G,MATCH(B26,'Table 12.2-1'!$A:$A,0))) | C28: =IF(C26="","",INDEX('Table 12.2-1'!$G:$G,MATCH(C26,'Table 12.2-1'!$A:$A,0))) | E28: Table 12.2-1
A29: System 3 Cd | B29: =IF(B26="","",INDEX('Table 12.2-1'!$H:$H,MATCH(B26,'Table 12.2-1'!$A:$A,0))) | C29: =IF(C26="","",INDEX('Table 12.2-1'!$H:$H,MATCH(C26,'Table 12.2-1'!$A:$A,0))) | E29: Table 12.2-1
A30: System 3 height limit at SDC | B30: =IF(OR(B26="",$B$8="A"),"",INDEX('Table 12.2-1'!$I:$M,MATCH(B26,'Table 12.2-1'!$A:$A,0),MATCH($B$8,{"B","C","D","E","F"},0))) | C30: =IF(OR(C26="",$B$8="A"),"",INDEX('Table 12.2-1'!$I:$M,MATCH(C26,'Table 12.2-1'!$A:$A,0),MATCH($B$8,{"B","C","D","E","F"},0))) | D30: ft | E30: Table 12.2-1 (NL/NP)
A31: System 3 limit status | B31: =IF(B30="","",IF(B30="NP","NOT PERMITTED",IF(B30="NL","OK",IF(Inputs!$B$16>B30,"EXCEEDS LIMIT","OK")))) | C31: =IF(C30="","",IF(C30="NP","NOT PERMITTED",IF(C30="NL","OK",IF(Inputs!$B$16>C30,"EXCEEDS LIMIT","OK")))) | E31: Warning only; 12.2.5.4 not evaluated
A32: System 4 ID | B32: =IF(Inputs!B$28="","",Inputs!B$28) | C32: =IF(Inputs!C$28="","",Inputs!C$28) | E32: Inputs
A33: System 4 R | B33: =IF(B32="","",INDEX('Table 12.2-1'!$F:$F,MATCH(B32,'Table 12.2-1'!$A:$A,0))) | C33: =IF(C32="","",INDEX('Table 12.2-1'!$F:$F,MATCH(C32,'Table 12.2-1'!$A:$A,0))) | E33: Table 12.2-1
A34: System 4 Omega0 | B34: =IF(B32="","",INDEX('Table 12.2-1'!$G:$G,MATCH(B32,'Table 12.2-1'!$A:$A,0))) | C34: =IF(C32="","",INDEX('Table 12.2-1'!$G:$G,MATCH(C32,'Table 12.2-1'!$A:$A,0))) | E34: Table 12.2-1
A35: System 4 Cd | B35: =IF(B32="","",INDEX('Table 12.2-1'!$H:$H,MATCH(B32,'Table 12.2-1'!$A:$A,0))) | C35: =IF(C32="","",INDEX('Table 12.2-1'!$H:$H,MATCH(C32,'Table 12.2-1'!$A:$A,0))) | E35: Table 12.2-1
A36: System 4 height limit at SDC | B36: =IF(OR(B32="",$B$8="A"),"",INDEX('Table 12.2-1'!$I:$M,MATCH(B32,'Table 12.2-1'!$A:$A,0),MATCH($B$8,{"B","C","D","E","F"},0))) | C36: =IF(OR(C32="",$B$8="A"),"",INDEX('Table 12.2-1'!$I:$M,MATCH(C32,'Table 12.2-1'!$A:$A,0),MATCH($B$8,{"B","C","D","E","F"},0))) | D36: ft | E36: Table 12.2-1 (NL/NP)
A37: System 4 limit status | B37: =IF(B36="","",IF(B36="NP","NOT PERMITTED",IF(B36="NL","OK",IF(Inputs!$B$16>B36,"EXCEEDS LIMIT","OK")))) | C37: =IF(C36="","",IF(C36="NP","NOT PERMITTED",IF(C36="NL","OK",IF(Inputs!$B$16>C36,"EXCEEDS LIMIT","OK")))) | E37: Warning only; 12.2.5.4 not evaluated
A38: R (design, base/lower system) | B38: =MIN(B15,B21,B27,B33) -> 8 | C38: =MIN(C15,C21,C27,C33) -> 6 | E38: 12.2.3: least R; vertical = MIN(upper, lower)
A39: Omega0 (design, base/lower system) | B39: =IF(Inputs!B$24="vertical",IF(B21<B15,B22,B16),MAX(IF(B15=B38,B16,0),IF(B21=B38,B22,0),IF(B27=B38,B28,0),IF(B33=B38,B34,0))) -> 3 | C39: =IF(Inputs!C$24="vertical",IF(C21<C15,C22,C16),MAX(IF(C15=C38,C16,0),IF(C21=C38,C22,0),IF(C27=C38,C28,0),IF(C33=C38,C34,0))) -> 2 | E39: 12.2.3.1 / 12.2.3.3
A40: Cd (design, base/lower system) | B40: =IF(Inputs!B$24="vertical",IF(B21<B15,B23,B17),MAX(IF(B15=B38,B17,0),IF(B21=B38,B23,0),IF(B27=B38,B29,0),IF(B33=B38,B35,0))) -> 5.5 | C40: =IF(Inputs!C$24="vertical",IF(C21<C15,C23,C17),MAX(IF(C15=C38,C17,0),IF(C21=C38,C23,0),IF(C27=C38,C29,0),IF(C33=C38,C35,0))) -> 5 | E40: 12.2.3.1 / 12.2.3.3
A41: R (upper system, vertical only) | B41: =IF(Inputs!B$24="vertical",B15,"") | C41: =IF(Inputs!C$24="vertical",C15,"") | E41: 12.2.3.1
A42: Transfer force amplification upper->lower | B42: =IF(Inputs!B$24="vertical",IF(B21<B15,B15/B21,1),"") | C42: =IF(Inputs!C$24="vertical",IF(C21<C15,C15/C21,1),"") | E42: 12.2.3.1: R_upper/R_lower if lower R is less
A43: Ct | B43: =INDEX('Code Tables'!$C$11:$C$15,MATCH(Inputs!B$30,'Code Tables'!$A$11:$A$15,0)) -> 0.028 | C43: =INDEX('Code Tables'!$C$11:$C$15,MATCH(Inputs!C$30,'Code Tables'!$A$11:$A$15,0)) -> 0.02 | E43: Table 12.8-2
A44: x | B44: =INDEX('Code Tables'!$D$11:$D$15,MATCH(Inputs!B$30,'Code Tables'!$A$11:$A$15,0)) -> 0.8 | C44: =INDEX('Code Tables'!$D$11:$D$15,MATCH(Inputs!C$30,'Code Tables'!$A$11:$A$15,0)) -> 0.75 | E44: Table 12.8-2
A45: Ta = Ct hn^x | B45: =B43*Inputs!$B$16^B44 -> 0.74076257 | C45: =C43*Inputs!$B$16^C44 -> 0.43116493 | D45: sec | E45: Eq. 12.8-8 form; hn in ft
A46: Cu Ta (period cap) | B46: =$B$10*B45 -> 1.0370676 | C46: =$B$10*C45 -> 0.60363091 | D46: sec | E46: Section 12.8.2
A47: T used for Cs | B47: =IF(Inputs!B$29="",B45,MIN(Inputs!B$29,B46)) -> 1.0370676 | C47: =IF(Inputs!C$29="",C45,MIN(Inputs!C$29,C46)) -> 0.43116493 | D47: sec | E47: Analysis T capped at Cu Ta; Ta if no analysis T
A48: 12.8.1.3 max SDS applies? | B48: =IF(AND(Inputs!$B$19="YES",Inputs!$B$20="YES",Inputs!$B$21="YES",Inputs!$B$17<>"",Inputs!$B$17<=5,OR(Inputs!$B$13="I",Inputs!$B$13="II"),Inputs!$B$14<>"",Inputs!$B$14<>"E",Inputs!$B$14<>"F",B47<=0.5),"YES","NO") | C48: =IF(AND(Inputs!$B$19="YES",Inputs!$B$20="YES",Inputs!$B$21="YES",Inputs!$B$17<>"",Inputs!$B$17<=5,OR(Inputs!$B$13="I",Inputs!$B$13="II"),Inputs!$B$14<>"",Inputs!$B$14<>"E",Inputs!$B$14<>"F",C47<=0.5),"YES","NO") | E48: All conditions + engineer confirmations
A49: SDS used for Cs | B49: =IF(B48="YES",MIN(Inputs!$B$9,'Code Tables'!$B$17),Inputs!$B$9) -> 0.85 | C49: =IF(C48="YES",MIN(Inputs!$B$9,'Code Tables'!$B$17),Inputs!$B$9) -> 0.85 | D49: g | E49: 12.8.1.3 cap (Code Tables B17) - VERIFY
A50: R / Ie | B50: =B38/$B$5 -> 8 | C50: =C38/$B$5 -> 6
A51: Cs = SDS/(R/Ie) | B51: =B49/B50 -> 0.10625 | C51: =C49/C50 -> 0.14166667 | E51: Eq. 12.8-2
A52: Cs upper limit | B52: =IF(B47<=Inputs!$B$12,Inputs!$B$10/(B47*B50),Inputs!$B$10*Inputs!$B$12/(B47^2*B50)) -> 0.066292689 | C52: =IF(C47<=Inputs!$B$12,Inputs!$B$10/(C47*C50),Inputs!$B$10*Inputs!$B$12/(C47^2*C50)) -> 0.21260232 | E52: Eq. 12.8-3 (T<=TL) / 12.8-4 (T>TL)
A53: Cs min = max(0.044 SDS Ie, 0.01) | B53: =MAX(0.044*B49*$B$5,0.01) -> 0.0374 | C53: =MAX(0.044*C49*$B$5,0.01) -> 0.0374 | E53: Eq. 12.8-5
A54: Cs min (S1 >= 0.6g) = 0.5 S1/(R/Ie) | B54: =IF(Inputs!$B$11>=0.6,0.5*Inputs!$B$11/B50,0) -> 0 | C54: =IF(Inputs!$B$11>=0.6,0.5*Inputs!$B$11/C50,0) -> 0 | E54: Eq. 12.8-6
A55: Cs minimum (controlling) | B55: =MAX(B53,B54) -> 0.0374 | C55: =MAX(C53,C54) -> 0.0374
A56: Cs GOVERNING | B56: =MAX(MIN(B51,B52),B55) -> 0.066292689 | C56: =MAX(MIN(C51,C52),C55) -> 0.14166667 | E56: max(min(12.8-2, upper), minimum)
A57: Governing check | B57: =IF(B55>MIN(B51,B52),"Minimum Cs",IF(B52<B51,"Period upper limit","SDS/(R/Ie)")) | C57: =IF(C55>MIN(C51,C52),"Minimum Cs",IF(C52<C51,"Period upper limit","SDS/(R/Ie)"))
A58: Cs for upper system (vertical only) | B58: =IF(Inputs!B$24="vertical",MAX(MIN(B49/(B41/$B$5),IF(B47<=Inputs!$B$12,Inputs!$B$10/(B47*(B41/$B$5)),Inputs!$B$10*Inputs!$B$12/(B47^2*(B41/$B$5)))),MAX(0.044*B49*$B$5,0.01),IF(Inputs!$B$11>=0.6,0.5*Inputs!$B$11/(B41/$B$5),0)),"") | C58: =IF(Inputs!C$24="vertical",MAX(MIN(C49/(C41/$B$5),IF(C47<=Inputs!$B$12,Inputs!$B$10/(C47*(C41/$B$5)),Inputs!$B$10*Inputs!$B$12/(C47^2*(C41/$B$5)))),MAX(0.044*C49*$B$5,0.01),IF(Inputs!$B$11>=0.6,0.5*Inputs!$B$11/(C41/$B$5),0)),"") | E58: Same equations with R upper
A59: Base shear V = Cs W | B59: =IF(Inputs!$B$18="","",B56*Inputs!$B$18) -> 99.439033 | C59: =IF(Inputs!$B$18="","",C56*Inputs!$B$18) -> 212.5 | D59: kips | E59: Section 12.8.1
A60: Base shear V | B60: =IF(Inputs!$B$18="","",B59*1000) -> 99439.033 | C60: =IF(Inputs!$B$18="","",C59*1000) -> 212500 | D60: lbs | E60: kips x 1000

Sheet Imported ASCE
A1: IMPORTED ASCE HAZARD EXCHANGE
A4: key | B4: value | C4: unit | D4: source
A5: schema_version | B5: BP-HZ-1 | D5: CONTRACT
A6: project_number | B6: HACKATHON-001 | D6: USER
A7: project_name | B7: FICTIONAL Hackathon Example | D7: USER
A8: address | B8: SYNTHETIC EXAMPLE; NOT A VERIFIED LOCATION | D8: USER
A9: latitude | B9: 37.77 | C9: deg | D9: USER CONFIRMED
A10: longitude | B10: -122.42 | C10: deg | D10: USER CONFIRMED
A11: asce_edition | B11: 7-22 | D11: USER
A12: risk_category | B12: II | D12: USER
A13: site_class | B13: D | D13: USER
A14: source_status | B14: SYNTHETIC_DEMO | D14: SYSTEM
A15: engineer_confirmed | B15: NO | D15: SYSTEM
A16: retrieved_utc | B16: 2026-10-27T20:00:27.884323+00:00 | D16: SYSTEM
A17: ss_g | B17: 1.15 | C17: g | D17: ASCE
A18: s1_g | B18: 0.45 | C18: g | D18: ASCE
A19: sds_g | B19: 0.85 | C19: g | D19: ASCE
A20: sd1_g | B20: 0.55 | C20: g | D20: ASCE
A21: tl_sec | B21: 8 | C21: sec | D21: ASCE
A22: sdc | B22: D | D22: ASCE
A23: wind_mph | B23: 115 | C23: mph | D23: ASCE
A24: ground_snow_psf | B24: 20 | C24: psf | D24: ASCE
A25: warnings | B25: SYNTHETIC DEMO ONLY: fictional ASCE values. NOT FOR DESIGN. | App-generated PDF; NOT the official ASCE Hazard Tool Full Report. | D25: SYSTEM

Sheet Review Notes
A1: ENGINEERING REVIEW & LIMITATIONS
A4: RESULT STATUS
A5: SYNTHETIC DEMO - NOT FOR DESIGN
A7: NOTES
A8: SYNTHETIC DATA - NOT FOR DESIGN OR CONSTRUCTION.
A9: PRELIMINARY ASCE 7-22 ELF calculation. Engineer must confirm ELF eligibility (Table 12.6-1), all inputs, and system selection. Not a structural analysis.
A10: Irregularities, redundancy, 12.2.5.4 height increases and vertical distribution are not checked.
A12: WARNINGS (generated at export - not updated by Excel edits)
A13: SDC computed from Tables 11.6-1/11.6-2 without the Section 11.6 exception (conservative).
A14: X: analysis period 1.2 s capped at Cu*Ta = 1.037 s (Section 12.8.2). Drift per 12.8.6.2 may use the analysis period.
A16: X: Single system. | Period: Cu*Ta cap (analysis T = 1.2 s exceeds Cu*Ta) | 12.8.1.3: Not requested
A17: Y: Single system. | Period: Ta (no analysis period provided) | 12.8.1.3: Not requested

Sheet Table 12.2-1
A1: ID | B1: Category | C1: System | D1: System footnotes | E1: Detailing sections | F1: R | G1: Omega0 | H1: Cd | I1: SDC B | J1: SDC C | K1: SDC D | L1: SDC E | M1: SDC F | N1: Other footnotes
A2: A1 | B2: A. BEARING WALL SYSTEMS | C2: Special reinforced concrete shear walls | D2: g, h | E2: 14.2 | F2: 5 | G2: 2.5 | H2: 5 | I2: NL | J2: NL | K2: 160 | L2: 160 | M2: 100
A3: A2 | B3: A. BEARING WALL SYSTEMS | C3: Reinforced concrete ductile coupled walls | D3: q | E3: 14.2 | F3: 8 | G3: 2.5 | H3: 8 | I3: NL | J3: NL | K3: 160 | L3: 160 | M3: 100
A4: A3 | B4: A. BEARING WALL SYSTEMS | C4: Ordinary reinforced concrete shear walls | D4: g | E4: 14.2 | F4: 4 | G4: 2.5 | H4: 4 | I4: NL | J4: NL | K4: NP | L4: NP | M4: NP
A5: A4 | B5: A. BEARING WALL SYSTEMS | C5: Detailed plain concrete shear walls | D5: g | E5: 14.2 | F5: 2 | G5: 2.5 | H5: 2 | I5: NL | J5: NP | K5: NP | L5: NP | M5: NP
A6: A5 | B6: A. BEARING WALL SYSTEMS | C6: Ordinary plain concrete shear walls | D6: g | E6: 14.2 | F6: 1.5 | G6: 2.5 | H6: 1.5 | I6: NL | J6: NP | K6: NP | L6: NP | M6: NP
A7: A6 | B7: A. BEARING WALL SYSTEMS | C7: Intermediate precast shear walls | D7: g | E7: 14.2 | F7: 4 | G7: 2.5 | H7: 4 | I7: NL | J7: NL | K7: 40 | L7: 40 | M7: 40 | N7: D, E, F: i
A8: A7 | B8: A. BEARING WALL SYSTEMS | C8: Ordinary precast shear walls | D8: g | E8: 14.2 | F8: 3 | G8: 2.5 | H8: 3 | I8: NL | J8: NP | K8: NP | L8: NP | M8: NP
A9: A8 | B9: A. BEARING WALL SYSTEMS | C9: Special reinforced masonry shear walls | E9: 14.4 | F9: 5 | G9: 2.5 | H9: 3.5 | I9: NL | J9: NL | K9: 160 | L9: 160 | M9: 100
A10: A9 | B10: A. BEARING WALL SYSTEMS | C10: Intermediate reinforced masonry shear walls | E10: 14.4 | F10: 3.5 | G10: 2.5 | H10: 2.25 | I10: NL | J10: NL | K10: NP | L10: NP | M10: NP
A11: A10 | B11: A. BEARING WALL SYSTEMS | C11: Ordinary reinforced masonry shear walls | E11: 14.4 | F11: 2 | G11: 2.5 | H11: 1.75 | I11: NL | J11: 160 | K11: NP | L11: NP | M11: NP
A12: A11 | B12: A. BEARING WALL SYSTEMS | C12: Detailed plain masonry shear walls | E12: 14.4 | F12: 2 | G12: 2.5 | H12: 1.75 | I12: NL | J12: NP | K12: NP | L12: NP | M12: NP
A13: A12 | B13: A. BEARING WALL SYSTEMS | C13: Ordinary plain masonry shear walls | E13: 14.4 | F13: 1.5 | G13: 2.5 | H13: 1.25 | I13: NL | J13: NP | K13: NP | L13: NP | M13: NP
A14: A13 | B14: A. BEARING WALL SYSTEMS | C14: Prestressed masonry shear walls | E14: 14.4 | F14: 1.5 | G14: 2.5 | H14: 1.75 | I14: NL | J14: NP | K14: NP | L14: NP | M14: NP
A15: A14 | B15: A. BEARING WALL SYSTEMS | C15: Ordinary reinforced AAC masonry shear walls | E15: 14.4 | F15: 2 | G15: 2.5 | H15: 2 | I15: NL | J15: 35 | K15: NP | L15: NP | M15: NP
A16: A15 | B16: A. BEARING WALL SYSTEMS | C16: Ordinary plain AAC masonry shear walls | E16: 14.4 | F16: 1.5 | G16: 2.5 | H16: 1.5 | I16: NL | J16: NP | K16: NP | L16: NP | M16: NP
A17: A16 | B17: A. BEARING WALL SYSTEMS | C17: Light-frame (wood) walls sheathed with wood structural panels rated for shear resistance | E17: 14.5 | F17: 6.5 | G17: 3 | H17: 4 | I17: NL | J17: NL | K17: 65 | L17: 65 | M17: 65
A18: A17 | B18: A. BEARING WALL SYSTEMS | C18: Light-frame (cold-formed steel) walls sheathed with wood structural panels rated for shear resistance or steel sheets | E18: 14.1 | F18: 6.5 | G18: 3 | H18: 4 | I18: NL | J18: NL | K18: 65 | L18: 65 | M18: 65
A19: A18 | B19: A. BEARING WALL SYSTEMS | C19: Light-frame walls with shear panels of all other materials | E19: 14.1 and 14.5 | F19: 2 | G19: 2.5 | H19: 2 | I19: NL | J19: NL | K19: 35 | L19: NP | M19: NP
A20: A19 | B20: A. BEARING WALL SYSTEMS | C20: Light-frame (cold-formed steel) wall systems using flat strap bracing | E20: 14.1 | F20: 4 | G20: 2 | H20: 3.5 | I20: NL | J20: NL | K20: 65 | L20: 65 | M20: 65
A21: A20 | B21: A. BEARING WALL SYSTEMS | C21: Cross-laminated timber shear walls | E21: 14.5 | F21: 3 | G21: 3 | H21: 3 | I21: 65 | J21: 65 | K21: 65 | L21: 65 | M21: 65
A22: A21 | B22: A. BEARING WALL SYSTEMS | C22: Cross-laminated timber shear walls with shear resistance provided by high-aspect-ratio panels only | E22: 14.5 | F22: 4 | G22: 3 | H22: 4 | I22: 65 | J22: 65 | K22: 65 | L22: 65 | M22: 65
A23: B1 | B23: B. BUILDING FRAME SYSTEMS | C23: Steel eccentrically braced frames | E23: 14.1 | F23: 8 | G23: 2 | H23: 4 | I23: NL | J23: NL | K23: 160 | L23: 160 | M23: 100
A24: B2 | B24: B. BUILDING FRAME SYSTEMS | C24: Steel special concentrically braced frames | E24: 14.1 | F24: 6 | G24: 2 | H24: 5 | I24: NL | J24: NL | K24: 160 | L24: 160 | M24: 100
A25: B3 | B25: B. BUILDING FRAME SYSTEMS | C25: Steel ordinary concentrically braced frames | E25: 14.1 | F25: 3.25 | G25: 2 | H25: 3.25 | I25: NL | J25: NL | K25: 35 | L25: 35 | M25: NP | N25: D, E, F: j
A26: B4 | B26: B. BUILDING FRAME SYSTEMS | C26: Special reinforced concrete shear walls | D26: g, h | E26: 14.2 | F26: 6 | G26: 2.5 | H26: 5 | I26: NL | J26: NL | K26: 160 | L26: 160 | M26: 100
A27: B5 | B27: B. BUILDING FRAME SYSTEMS | C27: Reinforced concrete ductile coupled walls | D27: q | E27: 14.2 | F27: 8 | G27: 2.5 | H27: 8 | I27: NL | J27: NL | K27: 160 | L27: 160 | M27: 100
A28: B6 | B28: B. BUILDING FRAME SYSTEMS | C28: Ordinary reinforced concrete shear walls | D28: g | E28: 14.2 | F28: 5 | G28: 2.5 | H28: 4.5 | I28: NL | J28: NL | K28: NP | L28: NP | M28: NP
A29: B7 | B29: B. BUILDING FRAME SYSTEMS | C29: Detailed plain concrete shear walls | D29: g | E29: 14.2 and 14.2.2.7 | F29: 2 | G29: 2.5 | H29: 2 | I29: NL | J29: NP | K29: NP | L29: NP | M29: NP
A30: B8 | B30: B. BUILDING FRAME SYSTEMS | C30: Ordinary plain concrete shear walls | D30: g | E30: 14.2 | F30: 1.5 | G30: 2.5 | H30: 1.5 | I30: NL | J30: NP | K30: NP | L30: NP | M30: NP
A31: B9 | B31: B. BUILDING FRAME SYSTEMS | C31: Intermediate precast shear walls | D31: g | E31: 14.2 | F31: 5 | G31: 2.5 | H31: 4.5 | I31: NL | J31: NL | K31: 40 | L31: 40 | M31: 40 | N31: D, E, F: i
A32: B10 | B32: B. BUILDING FRAME SYSTEMS | C32: Ordinary precast shear walls | D32: g | E32: 14.2 | F32: 4 | G32: 2.5 | H32: 4 | I32: NL | J32: NP | K32: NP | L32: NP | M32: NP
A33: B11 | B33: B. BUILDING FRAME SYSTEMS | C33: Steel and concrete composite eccentrically braced frames | E33: 14.3 | F33: 8 | G33: 2.5 | H33: 4 | I33: NL | J33: NL | K33: 160 | L33: 160 | M33: 100
A34: B12 | B34: B. BUILDING FRAME SYSTEMS | C34: Steel and concrete composite special concentrically braced frames | E34: 14.3 | F34: 5 | G34: 2 | H34: 4.5 | I34: NL | J34: NL | K34: 160 | L34: 160 | M34: 100
A35: B13 | B35: B. BUILDING FRAME SYSTEMS | C35: Steel and concrete composite ordinary braced frames | E35: 14.3 | F35: 3 | G35: 2 | H35: 3 | I35: NL | J35: NL | K35: NP | L35: NP | M35: NP
A36: B14 | B36: B. BUILDING FRAME SYSTEMS | C36: Steel and concrete composite plate shear walls | E36: 14.3 | F36: 6.5 | G36: 2.5 | H36: 5.5 | I36: NL | J36: NL | K36: 160 | L36: 160 | M36: 100
A37: B15 | B37: B. BUILDING FRAME SYSTEMS | C37: Steel and concrete composite special shear walls | E37: 14.3 | F37: 6 | G37: 2.5 | H37: 5 | I37: NL | J37: NL | K37: 160 | L37: 160 | M37: 100
A38: B16 | B38: B. BUILDING FRAME SYSTEMS | C38: Steel and concrete composite ordinary shear walls | E38: 14.3 | F38: 5 | G38: 2.5 | H38: 4.5 | I38: NL | J38: NL | K38: NP | L38: NP | M38: NP
A39: B17 | B39: B. BUILDING FRAME SYSTEMS | C39: Special reinforced masonry shear walls | E39: 14.4 | F39: 5.5 | G39: 2.5 | H39: 4 | I39: NL | J39: NL | K39: 160 | L39: 160 | M39: 100
A40: B18 | B40: B. BUILDING FRAME SYSTEMS | C40: Intermediate reinforced masonry shear walls | E40: 14.4 | F40: 4 | G40: 2.5 | H40: 4 | I40: NL | J40: NL | K40: NP | L40: NP | M40: NP
A41: B19 | B41: B. BUILDING FRAME SYSTEMS | C41: Ordinary reinforced masonry shear walls | E41: 14.4 | F41: 2 | G41: 2.5 | H41: 2 | I41: NL | J41: 160 | K41: NP | L41: NP | M41: NP
A42: B20 | B42: B. BUILDING FRAME SYSTEMS | C42: Detailed plain masonry shear walls | E42: 14.4 | F42: 2 | G42: 2.5 | H42: 2 | I42: NL | J42: NP | K42: NP | L42: NP | M42: NP
A43: B21 | B43: B. BUILDING FRAME SYSTEMS | C43: Ordinary plain masonry shear walls | E43: 14.4 | F43: 1.5 | G43: 2.5 | H43: 1.25 | I43: NL | J43: NP | K43: NP | L43: NP | M43: NP
A44: B22 | B44: B. BUILDING FRAME SYSTEMS | C44: Prestressed masonry shear walls | E44: 14.4 | F44: 1.5 | G44: 2.5 | H44: 1.75 | I44: NL | J44: NP | K44: NP | L44: NP | M44: NP
A45: B23 | B45: B. BUILDING FRAME SYSTEMS | C45: Light-frame (wood) walls sheathed with wood structural panels rated for shear resistance | E45: 14.5 | F45: 7 | G45: 2.5 | H45: 4.5 | I45: NL | J45: NL | K45: 65 | L45: 65 | M45: 65
A46: B24 | B46: B. BUILDING FRAME SYSTEMS | C46: Light-frame (cold-formed steel) walls sheathed with wood structural panels rated for shear resistance or steel sheets | E46: 14.1 | F46: 7 | G46: 2.5 | H46: 4.5 | I46: NL | J46: NL | K46: 65 | L46: 65 | M46: 65
A47: B25 | B47: B. BUILDING FRAME SYSTEMS | C47: Light-frame walls with shear panels of all other materials | E47: 14.1 and 14.5 | F47: 2.5 | G47: 2.5 | H47: 2.5 | I47: NL | J47: NL | K47: 35 | L47: NP | M47: NP
A48: B26 | B48: B. BUILDING FRAME SYSTEMS | C48: Steel buckling-restrained braced frames | E48: 14.1 | F48: 8 | G48: 2.5 | H48: 5 | I48: NL | J48: NL | K48: 160 | L48: 160 | M48: 100
A49: B27 | B49: B. BUILDING FRAME SYSTEMS | C49: Steel special plate shear walls | E49: 14.1 | F49: 7 | G49: 2 | H49: 6 | I49: NL | J49: NL | K49: 160 | L49: 160 | M49: 100
A50: B28 | B50: B. BUILDING FRAME SYSTEMS | C50: Steel and concrete coupled composite plate shear walls | E50: 14.3 | F50: 8 | G50: 2.5 | H50: 5.5 | I50: NL | J50: NL | K50: 160 | L50: 160 | M50: 100
A51: C1 | B51: C. MOMENT-RESISTING FRAME SYSTEMS | C51: Steel special moment frames | E51: 14.1 and 12.2.5.5 | F51: 8 | G51: 3 | H51: 5.5 | I51: NL | J51: NL | K51: NL | L51: NL | M51: NL
A52: C2 | B52: C. MOMENT-RESISTING FRAME SYSTEMS | C52: Steel special truss moment frames | E52: 14.1 | F52: 7 | G52: 3 | H52: 5.5 | I52: NL | J52: NL | K52: 160 | L52: 100 | M52: NP
A53: C3 | B53: C. MOMENT-RESISTING FRAME SYSTEMS | C53: Steel intermediate moment frames | E53: 12.2.5.7 and 14.1 | F53: 4.5 | G53: 3 | H53: 4 | I53: NL | J53: NL | K53: 35 | L53: NP | M53: NP | N53: D, E, F: k
A54: C4 | B54: C. MOMENT-RESISTING FRAME SYSTEMS | C54: Steel ordinary moment frames | E54: 12.2.5.6 and 14.1 | F54: 3.5 | G54: 3 | H54: 3 | I54: NL | J54: NL | K54: NP | L54: NP | M54: NP | N54: D, E, F: l
A55: C5 | B55: C. MOMENT-RESISTING FRAME SYSTEMS | C55: Special reinforced concrete moment frames | D55: m | E55: 12.2.5.5 and 14.2 | F55: 8 | G55: 3 | H55: 5.5 | I55: NL | J55: NL | K55: NL | L55: NL | M55: NL
A56: C6 | B56: C. MOMENT-RESISTING FRAME SYSTEMS | C56: Intermediate reinforced concrete moment frames | E56: 14.2 | F56: 5 | G56: 3 | H56: 4.5 | I56: NL | J56: NL | K56: NP | L56: NP | M56: NP
A57: C7 | B57: C. MOMENT-RESISTING FRAME SYSTEMS | C57: Ordinary reinforced concrete moment frames | E57: 14.2 | F57: 3 | G57: 3 | H57: 2.5 | I57: NL | J57: NP | K57: NP | L57: NP | M57: NP
A58: C8 | B58: C. MOMENT-RESISTING FRAME SYSTEMS | C58: Steel and concrete composite special moment frames | E58: 12.2.5.5 and 14.3 | F58: 8 | G58: 3 | H58: 5.5 | I58: NL | J58: NL | K58: NL | L58: NL | M58: NL
A59: C9 | B59: C. MOMENT-RESISTING FRAME SYSTEMS | C59: Steel and concrete composite intermediate moment frames | E59: 14.3 | F59: 5 | G59: 3 | H59: 4.5 | I59: NL | J59: NL | K59: NP | L59: NP | M59: NP
A60: C10 | B60: C. MOMENT-RESISTING FRAME SYSTEMS | C60: Steel and concrete composite partially restrained moment frames | E60: 14.3 | F60: 6 | G60: 3 | H60: 5.5 | I60: 160 | J60: 160 | K60: 100 | L60: NP | M60: NP
A61: C11 | B61: C. MOMENT-RESISTING FRAME SYSTEMS | C61: Steel and concrete composite ordinary moment frames | E61: 14.3 | F61: 3 | G61: 3 | H61: 2.5 | I61: NL | J61: NP | K61: NP | L61: NP | M61: NP
A62: C12 | B62: C. MOMENT-RESISTING FRAME SYSTEMS | C62: Cold-formed steel—special bolted moment frame | D62: n | E62: 14.1 | F62: 3.5 | G62: 3 | H62: 3.5 | I62: 35 | J62: 35 | K62: 35 | L62: 35 | M62: 35 | N62: Ω0: o
A63: D1 | B63: D. DUAL SYSTEMS WITH SPECIAL MOMENT FRAMES CAPABLE OF RESISTING AT LEAST 25% OF PRESCRIBED SEISMIC FORCES | C63: Steel eccentrically braced frames | E63: 14.1 | F63: 8 | G63: 2.5 | H63: 4 | I63: NL | J63: NL | K63: NL | L63: NL | M63: NL
A64: D2 | B64: D. DUAL SYSTEMS WITH SPECIAL MOMENT FRAMES CAPABLE OF RESISTING AT LEAST 25% OF PRESCRIBED SEISMIC FORCES | C64: Steel special concentrically braced frames | E64: 14.1 | F64: 7 | G64: 2.5 | H64: 5.5 | I64: NL | J64: NL | K64: NL | L64: NL | M64: NL
A65: D3 | B65: D. DUAL SYSTEMS WITH SPECIAL MOMENT FRAMES CAPABLE OF RESISTING AT LEAST 25% OF PRESCRIBED SEISMIC FORCES | C65: Special reinforced concrete shear walls | D65: g, h | E65: 14.2 | F65: 7 | G65: 2.5 | H65: 5.5 | I65: NL | J65: NL | K65: NL | L65: NL | M65: NL
A66: D4 | B66: D. DUAL SYSTEMS WITH SPECIAL MOMENT FRAMES CAPABLE OF RESISTING AT LEAST 25% OF PRESCRIBED SEISMIC FORCES | C66: Reinforced concrete ductile coupled walls | D66: q | E66: 14.2 | F66: 8 | G66: 2.5 | H66: 8 | I66: NL | J66: NL | K66: NL | L66: NL | M66: NL
A67: D5 | B67: D. DUAL SYSTEMS WITH SPECIAL MOMENT FRAMES CAPABLE OF RESISTING AT LEAST 25% OF PRESCRIBED SEISMIC FORCES | C67: Ordinary reinforced concrete shear walls | D67: g | E67: 14.2 | F67: 6 | G67: 2.5 | H67: 5 | I67: NL | J67: NL | K67: NP | L67: NP | M67: NP
A68: D6 | B68: D. DUAL SYSTEMS WITH SPECIAL MOMENT FRAMES CAPABLE OF RESISTING AT LEAST 25% OF PRESCRIBED SEISMIC FORCES | C68: Steel and concrete composite eccentrically braced frames | E68: 14.3 | F68: 8 | G68: 2.5 | H68: 4 | I68: NL | J68: NL | K68: NL | L68: NL | M68: NL
A69: D7 | B69: D. DUAL SYSTEMS WITH SPECIAL MOMENT FRAMES CAPABLE OF RESISTING AT LEAST 25% OF PRESCRIBED SEISMIC FORCES | C69: Steel and concrete composite special concentrically braced frames | E69: 14.3 | F69: 6 | G69: 2.5 | H69: 5 | I69: NL | J69: NL | K69: NL | L69: NL | M69: NL
A70: D8 | B70: D. DUAL SYSTEMS WITH SPECIAL MOMENT FRAMES CAPABLE OF RESISTING AT LEAST 25% OF PRESCRIBED SEISMIC FORCES | C70: Steel and concrete composite plate shear walls | E70: 14.3 | F70: 7.5 | G70: 2.5 | H70: 6 | I70: NL | J70: NL | K70: NL | L70: NL | M70: NL
A71: D9 | B71: D. DUAL SYSTEMS WITH SPECIAL MOMENT FRAMES CAPABLE OF RESISTING AT LEAST 25% OF PRESCRIBED SEISMIC FORCES | C71: Steel and concrete composite special shear walls | E71: 14.3 | F71: 7 | G71: 2.5 | H71: 6 | I71: NL | J71: NL | K71: NL | L71: NL | M71: NL
A72: D10 | B72: D. DUAL SYSTEMS WITH SPECIAL MOMENT FRAMES CAPABLE OF RESISTING AT LEAST 25% OF PRESCRIBED SEISMIC FORCES | C72: Steel and concrete composite ordinary shear walls | E72: 14.3 | F72: 6 | G72: 2.5 | H72: 5 | I72: NL | J72: NL | K72: NP | L72: NP | M72: NP
A73: D11 | B73: D. DUAL SYSTEMS WITH SPECIAL MOMENT FRAMES CAPABLE OF RESISTING AT LEAST 25% OF PRESCRIBED SEISMIC FORCES | C73: Special reinforced masonry shear walls | E73: 14.4 | F73: 5.5 | G73: 3 | H73: 5 | I73: NL | J73: NL | K73: NL | L73: NL | M73: NL
A74: D12 | B74: D. DUAL SYSTEMS WITH SPECIAL MOMENT FRAMES CAPABLE OF RESISTING AT LEAST 25% OF PRESCRIBED SEISMIC FORCES | C74: Intermediate reinforced masonry shear walls | E74: 14.4 | F74: 4 | G74: 3 | H74: 3.5 | I74: NL | J74: NL | K74: NP | L74: NP | M74: NP
A75: D13 | B75: D. DUAL SYSTEMS WITH SPECIAL MOMENT FRAMES CAPABLE OF RESISTING AT LEAST 25% OF PRESCRIBED SEISMIC FORCES | C75: Steel buckling-restrained braced frames | E75: 14.1 | F75: 8 | G75: 2.5 | H75: 5 | I75: NL | J75: NL | K75: NL | L75: NL | M75: NL
A76: D14 | B76: D. DUAL SYSTEMS WITH SPECIAL MOMENT FRAMES CAPABLE OF RESISTING AT LEAST 25% OF PRESCRIBED SEISMIC FORCES | C76: Steel special plate shear walls | E76: 14.1 | F76: 8 | G76: 2.5 | H76: 6.5 | I76: NL | J76: NL | K76: NL | L76: NL | M76: NL
A77: D15 | B77: D. DUAL SYSTEMS WITH SPECIAL MOMENT FRAMES CAPABLE OF RESISTING AT LEAST 25% OF PRESCRIBED SEISMIC FORCES | C77: Steel and concrete coupled composite plate shear walls | E77: 14.3 | F77: 8 | G77: 2.5 | H77: 5.5 | I77: NL | J77: NL | K77: NL | L77: NL | M77: NL
A78: E1 | B78: E. DUAL SYSTEMS WITH INTERMEDIATE MOMENT FRAMES CAPABLE OF RESISTING AT LEAST 25% OF PRESCRIBED SEISMIC FORCES | C78: Steel special concentrically braced frames | D78: p | E78: 14.1 | F78: 6 | G78: 2.5 | H78: 5 | I78: NL | J78: NL | K78: 35 | L78: NP | M78: NP
A79: E2 | B79: E. DUAL SYSTEMS WITH INTERMEDIATE MOMENT FRAMES CAPABLE OF RESISTING AT LEAST 25% OF PRESCRIBED SEISMIC FORCES | C79: Special reinforced concrete shear walls | D79: g, h | E79: 14.2 | F79: 6.5 | G79: 2.5 | H79: 5 | I79: NL | J79: NL | K79: 160 | L79: 100 | M79: 100
A80: E3 | B80: E. DUAL SYSTEMS WITH INTERMEDIATE MOMENT FRAMES CAPABLE OF RESISTING AT LEAST 25% OF PRESCRIBED SEISMIC FORCES | C80: Ordinary reinforced masonry shear walls | E80: 14.4 | F80: 3 | G80: 3 | H80: 2.5 | I80: NL | J80: 160 | K80: NP | L80: NP | M80: NP
A81: E4 | B81: E. DUAL SYSTEMS WITH INTERMEDIATE MOMENT FRAMES CAPABLE OF RESISTING AT LEAST 25% OF PRESCRIBED SEISMIC FORCES | C81: Intermediate reinforced masonry shear walls | E81: 14.4 | F81: 3.5 | G81: 3 | H81: 3 | I81: NL | J81: NL | K81: NP | L81: NP | M81: NP
A82: E5 | B82: E. DUAL SYSTEMS WITH INTERMEDIATE MOMENT FRAMES CAPABLE OF RESISTING AT LEAST 25% OF PRESCRIBED SEISMIC FORCES | C82: Steel and concrete composite special concentrically braced frames | E82: 14.3 | F82: 5.5 | G82: 2.5 | H82: 4.5 | I82: NL | J82: NL | K82: 160 | L82: 100 | M82: NP
A83: E6 | B83: E. DUAL SYSTEMS WITH INTERMEDIATE MOMENT FRAMES CAPABLE OF RESISTING AT LEAST 25% OF PRESCRIBED SEISMIC FORCES | C83: Steel and concrete composite ordinary braced frames | E83: 14.3 | F83: 3.5 | G83: 2.5 | H83: 3 | I83: NL | J83: NL | K83: NP | L83: NP | M83: NP
A84: E7 | B84: E. DUAL SYSTEMS WITH INTERMEDIATE MOMENT FRAMES CAPABLE OF RESISTING AT LEAST 25% OF PRESCRIBED SEISMIC FORCES | C84: Steel and concrete composite ordinary shear walls | E84: 14.3 | F84: 5 | G84: 3 | H84: 4.5 | I84: NL | J84: NL | K84: NP | L84: NP | M84: NP
A85: E8 | B85: E. DUAL SYSTEMS WITH INTERMEDIATE MOMENT FRAMES CAPABLE OF RESISTING AT LEAST 25% OF PRESCRIBED SEISMIC FORCES | C85: Ordinary reinforced concrete shear walls | D85: g | E85: 14.2 | F85: 5.5 | G85: 2.5 | H85: 4.5 | I85: NL | J85: NL | K85: NP | L85: NP | M85: NP
A86: F | B86: F. SHEAR WALL-FRAME INTERACTIVE SYSTEM WITH ORDINARY REINFORCED CONCRETE MOMENT FRAMES AND ORDINARY REINFORCED CONCRETE SHEAR WALLS | C86: Shear wall-frame interactive system with ordinary RC moment frames and ordinary RC shear walls | D86: g | E86: 12.2.5.8 and 14.2 | F86: 4.5 | G86: 2.5 | H86: 4 | I86: NL | J86: NP | K86: NP | L86: NP | M86: NP
A87: G1 | B87: G. CANTILEVERED COLUMN SYSTEMS DETAILED TO CONFORM TO THE REQUIREMENTS FOR: | C87: Steel special cantilever column systems | E87: 14.1 | F87: 2.5 | G87: 2.5 | H87: 2.5 | I87: 35 | J87: 35 | K87: 35 | L87: 35 | M87: 35
A88: G2 | B88: G. CANTILEVERED COLUMN SYSTEMS DETAILED TO CONFORM TO THE REQUIREMENTS FOR: | C88: Steel ordinary cantilever column systems | E88: 14.1 | F88: 1.25 | G88: 1.25 | H88: 1.25 | I88: 35 | J88: 35 | K88: NP | L88: NP | M88: NP | N88: D, E, F: errata mark in source (Errata 1)
A89: G3 | B89: G. CANTILEVERED COLUMN SYSTEMS DETAILED TO CONFORM TO THE REQUIREMENTS FOR: | C89: Special reinforced concrete moment frames | D89: m | E89: 12.2.5.5 and 14.2 | F89: 2.5 | G89: 2.5 | H89: 2.5 | I89: 35 | J89: 35 | K89: 35 | L89: 35 | M89: 35
A90: G4 | B90: G. CANTILEVERED COLUMN SYSTEMS DETAILED TO CONFORM TO THE REQUIREMENTS FOR: | C90: Intermediate reinforced concrete moment frames | E90: 14.2 | F90: 1.5 | G90: 1.5 | H90: 1.5 | I90: 35 | J90: 35 | K90: NP | L90: NP | M90: NP
A91: G5 | B91: G. CANTILEVERED COLUMN SYSTEMS DETAILED TO CONFORM TO THE REQUIREMENTS FOR: | C91: Ordinary reinforced concrete moment frames | E91: 14.2 | F91: 1 | G91: 1.25 | H91: 1 | I91: 35 | J91: NP | K91: NP | L91: NP | M91: NP
A92: G6 | B92: G. CANTILEVERED COLUMN SYSTEMS DETAILED TO CONFORM TO THE REQUIREMENTS FOR: | C92: Timber frames | E92: 14.5 | F92: 1.5 | G92: 1.5 | H92: 1.5 | I92: 35 | J92: 35 | K92: 35 | L92: NP | M92: NP
A93: H | B93: H. STEEL SYSTEMS NOT SPECIFICALLY DETAILED FOR SEISMIC RESISTANCE, EXCLUDING CANTILEVER COLUMN SYSTEMS | C93: Steel systems not specifically detailed for seismic resistance, excluding cantilever column systems | E93: 14.1 | F93: 3 | G93: 3 | H93: 3 | I93: NL | J93: NL | K93: NP | L93: NP | M93: NP
A95: Source: ASCE/SEI 7-22 Table 12.2-1, from ASCE7-22_Seismic_Tables.xlsx (SHA-256 51bba739fb04c797...). Reported complete by B&P team; record reviewer/date in the workbook Verification Log.

Sheet Code Tables
A1: ASCE 7-22 LOOKUP TABLES (PRELIMINARY)
A4: Table 1.5-2 - Risk Category | B4: Ie
A5: I | B5: 1
A6: II | B6: 1
A7: III | B7: 1.25
A8: IV | B8: 1.5
A10: Table 12.8-2 - type key | B10: Description | C10: Ct | D10: x
A11: steel_mf | B11: Steel moment-resisting frames | C11: 0.028 | D11: 0.8
A12: concrete_mf | B12: Concrete moment-resisting frames | C12: 0.016 | D12: 0.9
A13: steel_ebf | B13: Steel eccentrically braced frames (B1/D1) | C13: 0.03 | D13: 0.75
A14: steel_brbf | B14: Steel buckling-restrained braced frames (B26/D13) | C14: 0.03 | D14: 0.75
A15: all_other | B15: All other structural systems | C15: 0.02 | D15: 0.75
A17: Section 12.8.1.3 max SDS for Cs | B17: 1
A18: Cap value verified against ASCE 7-22? | B18: NO - VERIFY
A21: Table 12.8-1 - SD1 (g) | B21: Cu
A22: 0.4 | B22: 1.4
A23: 0.3 | B23: 1.4
A24: 0.2 | B24: 1.5
A25: 0.15 | B25: 1.6
A26: 0.1 | B26: 1.7
A27: Cu is linearly interpolated between rows; constant beyond the end rows.
